类别,物料,用途,数量,预算上限_RMB,采购条件,状态
主控,ESP32-S3-DevKitC-1-N8R8或同等板,固件/BLE/接口验证,2,180,必须确认模组型号和引脚图,待采购
身份首选,DS2431G+U或DS2431GA+U,无电池唯一UID+EEPROM初始信息,5-8,240,必须确认SFN机械接触封装和真品,待样品验证
身份备选,DS2401+ TO-92,低风险1-Wire电气验证,3-5,50,仅作备选，不替代DS2431最终方案,可选
选格,74HC4067 16路模拟多路器,2x2/4x4逐格读取,2,40,确认3.3V可用和EN低有效,待采购
棋子,可改底座的国际象棋棋子或样片,芯片腔体和触点实验,5,180,底部可加工，先不买整套最终棋子,待采购
结构,4x4非金属面板/定位圈/触点座,验证接触、偏心和自动落位,1批,220,格距按棋子底座实测,待采购
接线,洞洞板/端子/保险丝/电阻/杜邦/JST,台架接线和保护,1批,180,已有库存先盘点,待盘点
供电,5V电源与3.3V稳压,主控/多路器/写入夹具供电,1批,150,带过流保护,待采购
预留,返工和追加实验,不可预见问题,1,500,保留不提前花费,预留
